{
  "run_name": "all_machines_weight_grid_lr1em03_bs16_pw1p5",
  "checkpoint_path": "artifacts\\checkpoints\\all_machines_weight_grid_lr1em03_bs16_pw1p5\\best.pt",
  "threshold": 0.1,
  "split": "test",
  "loss": 0.03810422855400754,
  "accuracy": 0.961715664765248,
  "precision": 0.840843720038351,
  "recall": 0.9904009034443817,
  "f1": 0.9095151672284159,
  "roc_auc": 0.9982799808886765,
  "confusion_matrix": [
    [
      7013,
      332
    ],
    [
      17,
      1754
    ]
  ]
}